Intro,Full Name,Workplace,Location,Connections,Photo,Followers,About,Experiences,Number of Experiences,Educations,Number of Educations,Licenses,Number of Licenses,Volunteering,Number of Volunteering,Skills,Number of Skills,Recommendations,Number of Recommendations,Projects,Number of Projects,Publications,Number of Publications,Courses,Number of Courses,Honors,Number of Honors,Scores,Number of Scores,Languages,Number of Languages,Organizations,Number of Organizations,Interests,Number of Interests,Activities,Number of Activities,Label
"{'Full Name': 'Lena Kozlov', 'Workplace': 'Senior Environmental Consultant at ECO Insight', 'Location': 'Reykjavik, Iceland', 'Connections': '300', 'Photo': 'Yes', 'Followers': '350'}",Lena Kozlov,Senior Environmental Consultant at ECO Insight,"Reykjavik, Iceland",300,Yes,350,"Dedicated Environmental Consultant with over ten years of experience in helping businesses find sustainable solutions and reduce their carbon footprint. Specialized in conducting comprehensive environmental impact assessments, developing sustainability strategies, and advising on renewable energy adoption. Committed to promoting environmental awareness and leading projects that contribute to a more sustainable future.","{'0': {'Workplace': 'ECO Insight', 'Role': 'Senior Environmental Consultant', 'Duration': 'Mar 2016 - Present · 7 yrs', 'Workplace Location': 'Reykjavik, Iceland', 'Description': 'Lead projects on environmental impact assessments for new builds and corporate sustainability programs. Developed guidelines adopted by multiple companies for greener operations. Coordinates with governmental agencies for environmental regulations compliance.'}, '1': {'Workplace': 'Global Green Corp', 'Role': 'Environmental Analyst', 'Duration': 'Jan 2012 - Feb 2016 · 4 yrs 2 mos', 'Workplace Location': 'Oslo, Norway', 'Description': 'Conducted research and analysis on industrial emission trends. Played a key role in developing strategies that reduced the carbon footprint of client businesses by 25% on average.'}, '2': {'Workplace': 'Green Initiative NGO', 'Role': 'Project Coordinator', 'Duration': 'Sep 2007 - Dec 2011 · 4 yrs 4 mos', 'Workplace Location': 'London, UK', 'Description': 'Managed environmental conservation projects, focusing on renewable energy and waste reduction. Organized and led community outreach programs to promote sustainability awareness.'}}",3,"{'0': {'Institute': 'University of Iceland', 'Degree': 'Master of Science (M.Sc.), Environmental Sciences', 'Duration': '2005 - 2007', 'Description': 'Specialization in Renewable Energy Resources'}, '1': {'Institute': 'University of Edinburgh', 'Degree': 'Bachelor of Science (B.Sc.), Environmental Studies', 'Duration': '2001 - 2005', 'Description': 'Graduated with Honors. Member of the Environmental Club.'}}",2,{},0,"{'0': {'Role': 'Environmental Education Volunteer', 'Organization': 'Green Earth Outreach', 'Duration': 'Jun 2008 - Present · 15 yrs', 'Description': 'Provide educational workshops in schools on sustainability practices and the importance of conservation. Organize annual community clean-up events.'}}",1,"{'Skill 0': 'Environmental Impact Assessment', 'Skill 1': 'Sustainability Consulting', 'Skill 2': 'Renewable Energy', 'Skill 3': 'Corporate Social Responsibility'}",4,{},0,{},0,{},0,"{'Course 0': 'Renewable Energy Systems', 'Course 1': 'Sustainability Practices in Business', 'Course 2': 'Environmental Policy and Legislation'}",3,"{'0': {'Award': 'Environmental Leadership Award', 'Info': 'Issued by Global Green Forum', 'Description': 'Awarded for outstanding contributions to promoting green energy initiatives.'}}",1,{},0,"{'Language 0': 'English', 'Language 1': 'Icelandic', 'Language 2': 'Russian'}",3,"{'0': {'Organization': 'Iceland Sustainable Energy Association', 'Role': 'Board Member'}, '1': {'Organization': 'International Association for Impact Assessment', 'Role': 'Member'}}",2,"{'0': {'Interest': 'Environmental Protection Agency (EPA)', 'ID': '4866', 'Category': 'company', 'URL': 'https://www.linkedin.com/company/4866'}, '1': {'Interest': 'Renewable Energy World', 'ID': '5242', 'Category': 'company', 'URL': 'https://www.linkedin.com/company/5242'}, '2': {'Interest': 'Greenpeace International', 'ID': '6644', 'Category': 'groups', 'URL': 'https://www.linkedin.com/groups/6644'}, '3': {'Interest': 'Sustainable Business', 'ID': '2593893', 'Category': 'groups', 'URL': 'https://www.linkedin.com/groups/2593893'}, '4': {'Interest': 'University of Iceland', 'ID': '9921', 'Category': 'school', 'URL': 'https://www.linkedin.com/school/9921'}}",5,"{'icelandseminar': {'Full Name': 'Iceland Seminar on Renewable Energy', 'Category': 'company', 'URL': 'https://www.linkedin.com/company/icelandseminar'}, 'matthewwright': {'Full Name': 'Matthew Wright', 'Category': 'in', 'URL': 'https://www.linkedin.com/in/matthewwright'} }",2,12
"{'Full Name': 'Anaya Patel', 'Workplace': 'Lead Agronomist at Global Agro Ltd.', 'Location': 'Nairobi, Kenya', 'Connections': '1,052', 'Photo': 'Yes', 'Followers': ''}",Anaya Patel,Lead Agronomist at Global Agro Ltd.,"Nairobi, Kenya",1052,Yes,1678,,"{'0': {'Workplace': 'Global Agro Ltd.', 'Role': 'Lead Agronomist', 'Duration': '2018 - Present · 5 yrs', 'Workplace Location': 'Nairobi, Kenya', 'Description': 'Overseeing crop production strategies, advancements in plant genetics, sustainable agriculture practices, and leading a team of 20 junior agronomists. Implemented innovations that increased crop yields by 20% while reducing water usage by 30%.'}, '1': {'Workplace': 'Kenya Agricultural Research Institute', 'Role': 'Research Scientist', 'Duration': '2014 - 2018 · 4 yrs', 'Workplace Location': 'Nairobi, Kenya', 'Description': 'Conducted research on drought-tolerant crops, leading to two patent-pending innovations. Worked in collaboration with local universities to mentor students.'}, '2': {'Workplace': 'Sustainable Farming NGO', 'Role': 'Field Consultant', 'Duration': '2012 - 2014 · 2 yrs', 'Workplace Location': 'Various Rural Areas in Kenya', 'Description': 'Advised on sustainable farming practices across Kenya. Successfully introduced a new crop rotation system that bolstered yields for smallholder farmers.'}}",3,"{'0': {'Institute': 'University of Nairobi', 'Degree': 'Master of Science (MSc), Agricultural Science', 'Duration': '2010 - 2012', 'Description': 'Specialized in Plant Genetics and Crop Science'}, '1': {'Institute': 'Jomo Kenyatta University of Agriculture and Technology', 'Degree': 'Bachelor of Science (BSc), Agriculture', 'Duration': '2006 - 2010', 'Description': 'Focused on Sustainable Agriculture Practices'}}",2,{},0,"{'0': {'Role': 'Community Educator', 'Organization': 'Green Horizon Initiative', 'Duration': '2015 - Present · 8 yrs', 'Description': 'Volunteering to educate communities on sustainable agriculture and climate-resilient farming practices.'}}",1,"{'Skill 0': 'Sustainable Agriculture', 'Skill 1': 'Crop Science', 'Skill 2': 'Team Leadership', 'Skill 3': 'Research and Development'}",4,{},0,{},0,{},0,{},0,{},0,{},0,"{'Language 0': 'English', 'Language 1': 'Swahili'}",2,"{'0': {'Organization': 'Kenya Professional Agronomists Association', 'Role': 'Member · Jan 2013 - Present'}, '1': {'Organization': 'Global Alliance for Improved Nutrition', 'Role': 'Consultant · Sep 2019 - Dec 2019'}}",2,"{'0': {'Interest': 'FAO', 'ID': '164023', 'Category': 'company', 'URL': 'https://www.linkedin.com/company/164023'}, '1': {'Interest': 'World Bank', 'ID': '10151', 'Category': 'company', 'URL': 'https://www.linkedin.com/company/10151'}, '2': {'Interest': 'Bill & Melinda Gates Foundation', 'ID': '163472', 'Category': 'company', 'URL': 'https://www.linkedin.com/company/163472'}, '3': {'Interest': 'CGIAR', 'ID': '248194', 'Category': 'company', 'URL': 'https://www.linkedin.com/company/248194'}, '4': {'Interest': 'University of Nairobi', 'ID': '150019', 'Category': 'school', 'URL': 'https://www.linkedin.com/school/150019'}}",5,"{'rgbenson': {'Full Name': 'Rebecca G. Benson', 'Category': 'in', 'URL': 'https://www.linkedin.com/in/rgbenson'}, 'sarah-bernier-dworkin': {'Full Name': 'Sarah Bernier Dworkin', 'Category': 'in', 'URL': 'https://www.linkedin.com/in/sarah-bernier-dworkin'}, 'alicia-garza-5a97532': {'Full Name': 'Alicia Garza', 'Category': 'in', 'URL': 'https://www.linkedin.com/in/alicia-garza-5a97532'}, 'green-horizon-initiative': {'Full Name': 'Green Horizon Initiative', 'Category': 'company', 'URL': 'https://www.linkedin.com/company/green-horizon-initiative'}, 'mamadombeya': {'Full Name': 'Dr. Mamo Mombeya', 'Category': 'in', 'URL': 'https://www.linkedin.com/in/mamadombeya'}}",5,12
"{'Full Name': 'Luisa Gomez', 'Workplace': 'Agricultural Project Manager at AgriSoluciones S.A.', 'Location': 'Montevideo, Uruguay', 'Connections': '201', 'Photo': 'Yes', 'Followers': ''}",Luisa Gomez,Agricultural Project Manager at AgriSoluciones S.A.,"Montevideo, Uruguay",201,Yes,624,"Passionate about sustainable farming and innovation in agriculture, with 8 years of experience in agribusiness management and project coordination. Skilled in cross-functional team leadership, sustainable project development, and agricultural technologies.","{'0': {'Workplace': 'AgriSoluciones S.A.', 'Role': 'Agricultural Project Manager', 'Duration': 'Jan 2018 - Present · 5 yrs', 'Workplace Location': 'Montevideo, Uruguay', 'Description': 'Leading the implementation of innovative agricultural projects, focusing on sustainability and efficient resource use. Managed over 20 projects across South America, improving crop yields and sustainability.'}, '1': {'Workplace': 'GreenAgri Tech', 'Role': 'Agribusiness Analyst', 'Duration': 'May 2013 - Dec 2017 · 4 yrs 8 mos', 'Workplace Location': 'Montevideo, Uruguay', 'Description': 'Analyzed market trends and provided strategic recommendations for agribusiness clients. Supported project teams in the development and implementation of agricultural technologies.'}}",2,"{'0': {'Institute': 'Universidad de Montevideo', 'Degree': 'Master of Science (MSc), Agronomy and Crop Science', 'Duration': '2010 - 2012', 'Description': 'Specialized in sustainable agriculture practices and technologies'}, '1': {'Institute': 'Universidad de la República, Uruguay', 'Degree': 'Bachelor of Science (BSc), Agriculture, Agriculture Operations, and Related Sciences', 'Duration': '2005 - 2009', 'Description': 'Graduated with honors, focusing on crop science and agribusiness management'}}",2,{},0,"{'0': {'Role': 'Volunteer Coordinator', 'Organization': 'Sustainable Agriculture Uruguay', 'Duration': 'Feb 2014 - Present · 9 yrs', 'Description': 'Coordinating educational programs for sustainable farming practices. Organizing community-driven projects that support local farmers in transitioning to sustainable practices.'}}",1,"{'Skill 0': 'Project Management', 'Skill 1': 'Sustainable Agriculture', 'Skill 2': 'Agribusiness', 'Skill 3': 'Cross-functional Team Leadership', 'Skill 4': 'Agricultural Technologies'}",5,{},0,"{'0': {'Title': 'Sustainable Water Management Project', 'Date': 'Jun 2019 - Present', 'Description': 'Overseeing a multi-year project aimed at improving water efficiency and reducing the environmental impact of irrigation in agriculture.'}}",1,{},0,{},0,{},0,{},0,"{'Language 0': 'Spanish', 'Language 1': 'English'}",2,{},0,"{'0': {'Interest': 'Food and Agriculture Organization', 'ID': '100371', 'Category': 'company', 'URL': 'https://www.linkedin.com/company/100371'}, '1': {'Interest': 'Sustainable Agriculture Network', 'ID': '215987', 'Category': 'company', 'URL': 'https://www.linkedin.com/company/215987'}, '2': {'Interest': 'Universidad de Montevideo', 'ID': '24353', 'Category': 'school', 'URL': 'https://www.linkedin.com/school/24353'}, '3': {'Interest': 'Universidad de la República, Uruguay', 'ID': '15011', 'Category': 'school', 'URL': 'https://www.linkedin.com/school/15011'}}",4,{},0,12
"{'Full Name': 'Julio Martinez', 'Workplace': 'Head of Agriculture Development, AgroDesarrollo Corp', 'Location': 'Buenos Aires, Argentina', 'Connections': '800+', 'Photo': 'Yes', 'Followers': ''}",Julio Martinez,"Head of Agriculture Development, AgroDesarrollo Corp","Buenos Aires, Argentina",800,Yes,2345,,"{'0': {'Workplace': 'AgroDesarrollo Corp', 'Role': 'Head of Agriculture Development', 'Duration': 'Jan 2015 - Present · 8 yrs', 'Workplace Location': 'Buenos Aires, Argentina', 'Description': 'Overseeing agricultural productivity and development projects across Argentina with a focus on innovation, sustainability, and technology integration to increase crop yields. Leading a team of 50+ researchers, agricultural engineers, and project managers to implement modern farming practices and research initiatives.'}, '1': {'Workplace': 'GreenTech Innovations', 'Role': 'Senior Agricultural Engineer', 'Duration': 'May 2009 - Dec 2014 · 5 yrs 8 mos', 'Workplace Location': 'Córdoba, Argentina', 'Description': 'Led several high-impact projects to develop sustainable farming techniques and incorporate renewable energy sources into agricultural practices. Facilitated workshops and trained farming communities on advanced agricultural practices and technology uses.'}, '2': {'Workplace': 'International Agriculture Agency', 'Role': 'Field Researcher', 'Duration': 'Jan 2005 - Apr 2009 · 4 yrs 4 mos', 'Workplace Location': 'Various Global Locations', 'Description': 'Conducted field research in over 10 countries, focusing on crop diversification and sustainable farming practices. Compiled reports and recommendations that influenced government agriculture policy in several developing countries.'}}",3,"{'0': {'Institute': 'Universidad de Buenos Aires', 'Degree': 'Master of Science (MSc), Agricultural Engineering', 'Duration': '2000 - 2004', 'Description': ''}, '1': {'Institute': 'National University of Córdoba', 'Degree': 'Bachelor of Science (BSc), Environmental Science', 'Duration': '1996 - 2000', 'Description': ''}}",2,{},0,"{'0': {'Role': 'Consultant', 'Organization': 'Proyecto Agua Limpia', 'Duration': 'Jun 2020 - Present · 2 yrs 7 mos', 'Description': 'Providing expertise on integrating sustainable water management practices into agriculture to ensure clean water access in rural communities.'}}",1,"{'Skill 0': 'Sustainable Agriculture', 'Skill 1': 'Water Resource Management', 'Skill 2': 'Project Management', 'Skill 3': 'Agricultural Technology'}",4,{},0,{},0,"{'0': {'Title': 'Innovation in Crop Rotation: A Path to Sustainability', 'Publication Name': 'Journal of Sustainable Agriculture', 'Date': 'May 2018', 'Description': 'Co-authored a paper that analyzes the impacts of innovative crop rotation systems on long-term soil health and agriculture productivity in South America.'}}",1,{},0,{},0,{},0,"{'Language 0': 'Spanish', 'Language 1': 'English'}",2,{},0,"{'0': {'Interest': 'FAO', 'ID': '143423', 'Category': 'company', 'URL': 'https://www.linkedin.com/company/143423'}, '1': {'Interest': 'World Bank', 'ID': '2738', 'Category': 'company', 'URL': 'https://www.linkedin.com/company/2738'}, '2': {'Interest': 'International Fund for Agricultural Development', 'ID': '4718', 'Category': 'company', 'URL': 'https://www.linkedin.com/company/4718'}, '3': {'Interest': 'Nature Conservancy', 'ID': '4296', 'Category': 'company', 'URL': 'https://www.linkedin.com/company/4296'}}",4,{},0,12
"{'Full Name': 'Rajiv Bhargava', 'Workplace': 'Head of Department, Mechanical Engineering at Indian Institute of Technology', 'Location': 'Kanpur, Uttar Pradesh, India', 'Connections': '1500+', 'Photo': 'Yes', 'Followers': ''}",Rajiv Bhargava,"Head of Department, Mechanical Engineering at Indian Institute of Technology","Kanpur, Uttar Pradesh, India",1500,Yes,3220,Seasoned academic and research professional with over 25 years of experience in Mechanical Engineering. Dedicated to nurturing future engineers with a blend of theoretical knowledge and practical application. Engaged in cutting-edge research in thermal engineering and sustainable technologies.,"{'0': {'Workplace': 'Indian Institute of Technology', 'Role': 'Head of Department, Mechanical Engineering', 'Duration': 'Apr 2016 - Present · 7 yrs', 'Workplace Location': 'Kanpur, Uttar Pradesh, India', 'Description': 'Overseeing the academic and research activities of one of the premier engineering departments in India. Spearheading projects on sustainable technology and thermal dynamics.'}, '1': {'Workplace': 'Indian Institute of Technology', 'Role': 'Professor, Mechanical Engineering', 'Duration': 'Jun 2006 - Apr 2016 · 10 yrs', 'Workplace Location': 'Kanpur, Uttar Pradesh, India', 'Description': 'Taught various undergraduate and postgraduate courses in Mechanical Engineering, and guided Ph.D. scholars in their research projects. Engaged in research on energy efficiency and thermofluids.'}, '2': {'Workplace': 'Technology Development Board, Govt of India', 'Role': 'Research Scientist', 'Duration': 'Aug 2001 - May 2006 · 4 yrs 10 mos', 'Workplace Location': 'New Delhi, India', 'Description': 'Contributed to national-level research projects focused on the development of energy-efficient technologies for industrial applications.'}}",3,{},3,{},0,{},0,"{'Skill 0': 'Research & Development', 'Skill 1': 'Sustainable Technology', 'Skill 2': 'Educational Leadership', 'Skill 3': 'Thermodynamics', 'Skill 4': 'Engineering Education'}",5,{},0,{},0,"{'0': {'Title': 'Efficiency Improvement in Thermal Power Plants', 'Publisher': 'Journal of Power Systems', 'Date': 'Jan 2015', 'Description': 'Interdisciplinary research conducted to enhance the efficiency of thermal power plants with the use of innovative materials and technology.'}, '1': {'Title': 'Renewable Energy Sources and Their Applications', 'Publisher': 'International Conference on Sustainable Engineering', 'Date': 'Mar 2018', 'Description': 'Presented research findings on the utility and efficiency of renewable energy sources in modern engineering applications.'}}",2,{},0,"{'0': {'Award': 'Best Educator Award', 'Info': 'Issued by Indian Institute of Technology Kanpur', 'Description': 'Received for exemplary contribution to education and research in Mechanical Engineering.'}, '1': {'Award': 'Distinguished Research Award', 'Info': 'Issued by Technology Development Board, India', 'Description': 'For contributing to national projects on energy efficiency.'}}",2,{},0,"{'Language 0': 'English', 'Language 1': 'Hindi'}",2,{},0,"{'0': {'Interest': 'MIT Mechanical Engineering', 'ID': '2314', 'Category': 'school', 'URL': 'https://www.linkedin.com/school/2314'}, '1': {'Interest': 'American Society of Mechanical Engineers (ASME)', 'ID': '2636', 'Category': 'company', 'URL': 'https://www.linkedin.com/company/2636'}, '2': {'Interest': 'NASA - National Aeronautics and Space Administration', 'ID': '1044', 'Category': 'company', 'URL': 'https://www.linkedin.com/company/1044'}, '3': {'Interest': 'Gate Academy', 'ID': '10364774', 'Category': 'school', 'URL': 'https://www.linkedin.com/school/10364774'}, '4': {'Interest': 'TED Conferences', 'ID': '16066', 'Category': 'company', 'URL': 'https://www.linkedin.com/company/16066'}}",5,"{'akshay-kothari': {'Full Name': 'Akshay Kothari', 'Category': 'in', 'URL': 'https://www.linkedin.com/in/akshay-kothari-b4284a11'}, 'global-engineering-network': {'Full Name': 'Global Engineering Network', 'Category': 'company', 'URL': 'https://www.linkedin.com/company/globalengineeringnetwork'}, 'archel-bernard': {'Full Name': 'Archel Bernard', 'Category': 'in', 'URL': 'https://www.linkedin.com/in/archel-bernard-30b50b4'}}",3,12
"{'Full Name': 'Aarav Patil', 'Workplace': 'Agricultural Consultant at Independent', 'Location': 'Pune, Maharashtra, India', 'Connections': '250', 'Photo': 'Yes', 'Followers': ''}",Aarav Patil,Agricultural Consultant at Independent,"Pune, Maharashtra, India",250,Yes,320,,"{'0': {'Role': 'Agricultural Consultant', 'Workplace': 'Independent', 'Duration': 'Jan 2019 - Present · 4 yrs 3 mos', 'Workplace Location': 'Pune, Maharashtra, India', 'Description': 'Providing expert advice on crop management, soil health, and sustainable farming practices to improve yield and reduce environmental impact. Working closely with farmers and agribusiness to implement modern agricultural techniques and technology. Conducting workshops and training sessions on organic farming, pest management, and water conservation.'}, '1': {'Role': 'Soil Scientist', 'Workplace': 'Mahindra Agribusiness', 'Duration': 'Oct 2015 - Dec 2018 · 3 yrs 3 mos', 'Workplace Location': 'Mumbai, Maharashtra, India', 'Description': 'Responsible for analyzing soil samples to determine nutrient content and recommending fertilization techniques and crops suitable for various soil types. Led a team on a project that successfully increased agricultural output by 20% through soil improvement programs and sustainable farming practices. '}, '2': {'Role': 'Research Assistant', 'Workplace': 'Indian Agricultural Research Institute', 'Duration': 'Aug 2013 - Sep 2015 · 2 yrs 2 mos', 'Workplace Location': 'New Delhi, India', 'Description': 'Supported ongoing research projects focused on finding drought-resistant crop varieties and developed methodologies for water-efficient agriculture. Contributed to several papers published in renowned agricultural journals.'}}",3,"{'0': {'Institute': 'University of Agricultural Sciences, Bangalore', 'Degree': 'Master of Science (M.Sc.), Agricultural Science', 'Duration': '2011 - 2013', 'Description': 'Specialization in Soil Science and Agricultural Chemistry'}, '1': {'Institute': 'Mahatma Phule Krishi Vidyapeeth, Rahuri', 'Degree': 'Bachelor of Science (B.Sc.), Agriculture', 'Duration': '2007 - 2011', 'Description': 'Honored with Gold Medal for academic excellence'}}",2,{},0,"{'0': {'Role': 'Volunteer', 'Organization': 'Krishi Vigyan Kendra', 'Duration': 'May 2020 - Present · 3 yrs', 'Description': 'Leading initiatives on educating rural farmers about organic farming and the benefits of bio-fertilizers. Involved in the development of community farming programs to support local economies.'}, '1': {'Role': 'Event Coordinator', 'Organization': 'World Agroforestry Centre', 'Duration': 'Jun 2014 - Jul 2015 · 1 yr 2 mos', 'Description': 'Coordinated workshops and international conferences focused on sustainable farming practices and agroforestry.'}}",2,"{'Skill 0': 'Sustainable Agriculture', 'Skill 1': 'Soil Management', 'Skill 2': 'Agricultural Research', 'Skill 3': 'Crop Advisory', 'Skill 4': 'Water Resource Management'}",5,{},0,{},0,"{'0': {'Title': 'Effectiveness of Drought-Resistant Crops in Semi-Arid Regions', 'Journal': 'Journal of Sustainable Agriculture · Apr 2016', 'Description': 'A comprehensive study on how selecting the right crop varieties can significantly reduce water usage and improve crop yield in drought-prone areas.'}, '1': {'Title': 'Advances in Soil Health Management', 'Journal': 'Indian Journal of Agricultural Sciences · Sep 2018', 'Description': 'Review of recent technological and methodological advancements in soil health management practices.'}}",2,{},0,"{'0': {'Award': 'Gold Medal in B.Sc. Agriculture', 'Info': '2011', 'Description': 'Awarded by Mahatma Phule Krishi Vidyapeeth, Rahuri for academic excellence'}, '1': {'Award': 'Best Research Assistant', 'Info': 'Indian Agricultural Research Institute · 2015', 'Description': 'Received for outstanding contribution to drought-resistant crop research'}}",2,{},0,"{'Language 0': 'English', 'Language 1': 'Hindi', 'Language 2': 'Marathi'}",3,{},0,"{'0': {'Interest': 'University of Agricultural Sciences', 'ID': '36562', 'Category': 'school', 'URL': 'https://www.linkedin.com/school/36562'}, '1': {'Interest': 'Indian Council of Agricultural Research', 'ID': '7769', 'Category': 'company', 'URL': 'https://www.linkedin.com/company/7769'}, '2': {'Interest': 'Food and Agriculture Organization of the United Nations (FAO)', 'ID': '16521', 'Category': 'company', 'URL': 'https://www.linkedin.com/company/16521'}, '3': {'Interest': 'International Crop Research Institute for the Semi-Arid Tropics', 'ID': '13233', 'Category': 'company', 'URL': 'https://www.linkedin.com/company/13233'}}",4,"{'university-of-agricultural-sciences-bangalore': {'Full Name': 'University of Agricultural Sciences, Bangalore', 'Category': 'school', 'URL': 'https://www.linkedin.com/school/university-of-agricultural-sciences-bangalore'}, 'indian-agricultural-research-institute': {'Full Name': 'Indian Agricultural Research Institute', 'Category': 'school', 'URL': 'https://www.linkedin.com/school/indian-agricultural-research-institute'}, 'mahindraagri': {'Full Name': 'Mahindra Agribusiness', 'Category': 'company', 'URL': 'https://www.linkedin.com/company/mahindraagri'}, 'krishivigyan-kendra': {'Full Name': 'Krishi Vigyan Kendra', 'Category': 'company', 'URL': 'https://www.linkedin.com/company/krishivigyan-kendra'}}",4,12
"{'Full Name': 'Priya Patel', 'Workplace': 'Microfinance Analyst at Grameen Bank', 'Location': 'Dhaka, Bangladesh', 'Connections': '359', 'Photo': 'Yes', 'Followers': '725'}",Priya Patel,Microfinance Analyst at Grameen Bank,"Dhaka, Bangladesh",359,Yes,725,"Experienced Microfinance Analyst dedicated to providing financial solutions to the unbanked populations of rural and urban Bangladesh. Specializes in data analysis, field research, and the development of strategic loan programs tailored to diverse client needs.","{'0': {'Role': 'Microfinance Analyst', 'Workplace': 'Grameen Bank · Full-time', 'Duration': 'Jan 2018 - Present · 4 yrs 2 mos', 'Workplace Location': 'Dhaka, Bangladesh', 'Description': 'Collaborate with the product development team to introduce innovative microfinance products. Conduct data-driven analysis to evaluate the impact of loan programs on rural communities.'}, '1': {'Role': 'Research Assistant', 'Workplace': 'BRAC University', 'Duration': 'Jun 2016 - Dec 2017 · 1 yr 7 mos', 'Workplace Location': 'Dhaka, Bangladesh', 'Description': 'Supported academic research in the field of economic development. Participated in field surveys and contributed to research papers focused on poverty alleviation and microfinance.'}, '2': {'Role': 'Intern', 'Workplace': 'MicroSave Consulting', 'Duration': 'Apr 2015 - May 2016 · 1 yr 2 mos', 'Workplace Location': 'Lucknow, India', 'Description': 'Assisted in the design and implementation of financial inclusion strategies for rural banking models. Engaged with village-level microfinance institutions to understand client needs and service gaps.'}}",3,"{'0': {'Institute': 'BRAC University', 'Degree': 'Master’s Degree, Economics', 'Duration': '2016 - 2018', 'Description': 'Specialized in Development Economics, focusing on microfinance and its role in poverty alleviation.'}, '1': {'Institute': 'University of Dhaka', 'Degree': 'Bachelor’s Degree, Finance', 'Duration': '2012 - 2016', 'Description': 'Majored in Finance with a minor in International Development.'}}",2,{},0,"{'0': {'Role': 'Volunteer Financial Educator', 'Organization': 'Sajida Foundation', 'Duration': 'Sep 2017 - Present · 3 yrs 5 mos', 'Description': 'Provide financial literacy workshops to women in underserved communities in Bangladesh. Help design educational materials tailored to the local context.'}}",1,"{'Skill 0': 'Microfinance', 'Skill 1': 'Data Analysis', 'Skill 2': 'Financial Inclusion', 'Skill 3': 'Economic Development', 'Skill 4': 'Field Research'}",5,{},0,{},0,"{'0': {'Title': 'Impact of Microfinance on Rural Development: A Study of Bangladesh', 'Journal': 'Journal of Economic Development · Dec 2017', 'Description': 'Co-authored a research publication focusing on the role of microfinance in enhancing the economic status of rural households in Bangladesh.'}}",1,{},0,"{'0': {'Award': 'Best Graduate Thesis', 'Info': 'Issued by BRAC University · 2018', 'Description': 'Awarded for thesis on ""The Effectiveness of Microfinance Institutions in Bangladesh.""'}}",1,{},0,"{'Language 0': 'English', 'Language 1': 'Bengali', 'Language 2': 'Hindi'}",3,{},0,"{'0': {'Interest': 'Grameen Bank', 'ID': '4535', 'Category': 'company', 'URL': 'https://www.linkedin.com/company/4535'}, '1': {'Interest': 'MIT D-Lab', 'ID': '290716', 'Category': 'company', 'URL': 'https://www.linkedin.com/company/290716'}, '2': {'Interest': 'The World Bank', 'ID': '1028', 'Category': 'company', 'URL': 'https://www.linkedin.com/company/1028'}, '3': {'Interest': 'BRAC University', 'ID': '16145', 'Category': 'school', 'URL': 'https://www.linkedin.com/school/16145'}, '4': {'Interest': 'University of Dhaka', 'ID': '19461', 'Category': 'school', 'URL': 'https://www.linkedin.com/school/19461'}}",5,"{'muhammad-yunus': {'Full Name': 'Muhammad Yunus', 'Category': 'in', 'URL': 'https://www.linkedin.com/in/muhammad-yunus'}, 'brac': {'Full Name': 'BRAC', 'Category': 'company', 'URL': 'https://www.linkedin.com/company/brac'}, 'the-world-bank': {'Full Name': 'The World Bank', 'Category': 'company', 'URL': 'https://www.linkedin.com/company/the-world-bank'}, 'united-nations-development-programme-undp': {'Full Name': 'United Nations Development Programme - UNDP', 'Category': 'company', 'URL': 'https://www.linkedin.com/company/united-nations-development-programme-undp'}}",4,12
"{'Full Name': 'Priya Mehta', 'Workplace': 'Consultant at EY', 'Location': 'Mumbai, Maharashtra, India', 'Connections': '500+', 'Photo': 'Yes', 'Followers': '1200'}",Priya Mehta,Consultant at EY,"Mumbai, Maharashtra, India",500,Yes,1200,"Experienced Consultant with a demonstrated history of working in financial services and consulting. Skilled in Data Analysis, Financial Modeling, and Strategic Planning. Passionate about leveraging data to drive business strategy and operational improvements.","{'0': {'Role': 'Consultant', 'Workplace': 'EY · Full-time', 'Duration': 'Jun 2019 - Present · 4 yrs', 'Workplace Location': 'Mumbai, Maharashtra, India', 'Description': 'Financial modeling, data analysis, and strategy consulting for multinational clients across various industries including retail, manufacturing, and technology.'}, '1': {'Role': 'Financial Analyst', 'Workplace': 'KPMG', 'Duration': 'Jan 2017 - May 2019 · 2 yrs 5 mos', 'Workplace Location': 'Bengaluru, Karnataka, India', 'Description': 'Developed financial models and performed quantitative analysis for mergers and acquisitions. Coordinated due diligence processes and assisted in preparing presentations and reports for client engagements.'}, '2': {'Role': 'Intern', 'Workplace': 'Reliance Industries Limited', 'Duration': 'May 2016 - Aug 2016 · 4 mos', 'Workplace Location': 'Mumbai, Maharashtra, India', 'Description': 'Assisted in market research and analysis for the retail sector. Supported senior analysts in compiling data and generating reports to inform strategic decisions.'}}",3,"{'0': {'Institute': 'Indian Institute of Management, Ahmedabad', 'Degree': 'Master of Business Administration - MBA, Finance, General', 'Duration': '2015 - 2017', 'Description': ''}, '1': {'Institute': 'University of Mumbai', 'Degree': 'Bachelor of Commerce - BCom, Accounting and Finance', 'Duration': '2012 - 2015', 'Description': ''}}",2,"{'0': {'Title': 'Chartered Financial Analyst (CFA) Level II Candidate', 'Company': 'CFA Institute', 'Description': 'Issued Jun 2018'}}",1,"{'0': {'Role': 'Mentor', 'Organization': 'Women in Finance', 'Duration': 'Jan 2020 - Present · 3 yrs 7 mos', 'Description': 'Mentoring young women aspiring to build careers in finance, providing guidance on professional development, networking, and navigating career challenges.'}}",1,"{'Skill 0': 'Financial Modeling', 'Skill 1': 'Data Analysis', 'Skill 2': 'Strategic Planning', 'Skill 3': 'Financial Analysis'}",4,{},0,{},0,{},0,{},0,{},0,{},0,"{'Language 0': 'English', 'Language 1': 'Hindi'}",2,{},0,"{'0': {'Interest': 'CFA Institute', 'ID': '5244', 'Category': 'company', 'URL': 'https://www.linkedin.com/company/5244'}, '1': {'Interest': 'Indian Institute of Management, Ahmedabad', 'ID': '10446', 'Category': 'school', 'URL': 'https://www.linkedin.com/school/10446'}, '2': {'Interest': 'Women in Finance', 'ID': '11207', 'Category': 'organization', 'URL': 'https://www.linkedin.com/company/11207'}}",3,"{'priyamehta-profile': {'Full Name': 'Priya Mehta', 'Category': 'in', 'URL': 'https://www.linkedin.com/in/priyamehta-profile'}, 'ey': {'Full Name': 'EY', 'Category': 'company', 'URL': 'https://www.linkedin.com/company/ey'}, 'kpmg': {'Full Name': 'KPMG', 'Category': 'company', 'URL': 'https://www.linkedin.com/company/kpmg'}, 'reliance-industries-limited': {'Full Name': 'Reliance Industries Limited', 'Category': 'company', 'URL': 'https://www.linkedin.com/company/reliance-industries-limited'}}",4,12
"{'Full Name': 'Halima Njoku', 'Workplace': 'Agricultural Economist | FAO Consultant', 'Location': 'Nairobi, Kenya', 'Connections': '250', 'Photo': 'Yes', 'Followers': '305'}",Halima Njoku,Agricultural Economist | FAO Consultant,"Nairobi, Kenya",250,Yes,305,"As an agricultural economist working with the Food and Agriculture Organization of the United Nations, I leverage data analytics and economic modeling to assist African nations in food security and policy making. I believe in creating sustainable food systems that are resilient to climate change.","{'0': {'Role': 'FAO Consultant', 'Workplace': 'Food and Agriculture Organization of the United Nations · Contract', 'Duration': 'Jan 2019 - Present · 4 yrs', 'Workplace Location': 'Nairobi, Kenya', 'Description': 'Provide expert advice on agricultural economic models for East African countries.Specialize in crop yield forecasting and market analysis to support food security initiatives.Lead multi-country studies on the economic impacts of agricultural policies.'}, '1': {'Role': 'Research Analyst', 'Workplace': 'Kenya Agricultural and Livestock Research Organization (KALRO)', 'Duration': 'Oct 2014 - Dec 2018 · 4 yrs 3 mos', 'Workplace Location': 'Nairobi, Kenya', 'Description': 'Conducted research on agricultural economics including cost-benefit analysis of farming techniques and impact of climate change on agriculture.Published 5 papers on policy recommendations for enhancing agricultural productivity and sustainability.Participated in national and international agricultural conferences to share insights and findings.'}}",2,"{'0': {'Institute': 'University of Nairobi', 'Degree': 'Master of Science in Agricultural Economics', 'Duration': '2012 - 2014', 'Description': ''}, '1': {'Institute': 'Jomo Kenyatta University of Agriculture and Technology', 'Degree': 'Bachelor of Science in Agribusiness Management', 'Duration': '2008 - 2012', 'Description': ''}}",2,"{'0': {'Title': 'Certified Data Analyst', 'Company': 'DataCamp', 'Description': 'Issued Aug 2017'}, '1': {'Title': 'Certificate in Advanced Econometrics', 'Company': 'Coursera', 'Description': 'Issued Jul 2016'}}",2,"{'0': {'Role': 'Volunteer Agricultural Consultant', 'Organization': 'Smallholder Farmers Alliance', 'Duration': 'Jan 2020 - Present · 3 yrs', 'Description': 'Providing smallholder farmers in arid areas with techniques for sustainable farming and better market access. Conduct workshops and training on climate-smart agriculture practices.'}}",1,"{'Skill 0': 'Agricultural Economics', 'Skill 1': 'Data Analysis', 'Skill 2': 'Policy Analysis', 'Skill 3': 'Sustainable Farming'}",4,{},0,"{'0': {'Title': 'Impact Assessment of Climate Change on East African Agriculture', 'Duration': 'May 2015 - Nov 2016', 'Description': 'Led a team to investigate and report on the prospective long-term effects of climate change on agriculture in East Africa. Work included field research, econometric modeling, and policy recommendation formulation.'}}",1,"{'0': {'Title': 'Adaptive Agricultural Practices in East Africa', 'Journal': 'Journal of Sustainable Agriculture · Mar 2017', 'Description': 'Co-authored a paper detailing the research and findings on the adoption of adaptive agricultural practices to mitigate climate change effects in East Africa.'}}",1,{},0,{},0,{},0,"{'Language 0': 'English', 'Language 1': 'Swahili'}",2,{},0,"{'0': {'Interest': 'Food and Agriculture Organization of the United Nations', 'ID': '1991', 'Category': 'company', 'URL': 'https://www.linkedin.com/company/1991'}, '1': {'Interest': 'World Food Programme', 'ID': '4676', 'Category': 'company', 'URL': 'https://www.linkedin.com/company/4676'}, '2': {'Interest': 'University of Nairobi', 'ID': '10211', 'Category': 'school', 'URL': 'https://www.linkedin.com/school/10211'}, '3': {'Interest': 'Jomo Kenyatta University of Agriculture and Technology', 'ID': '10213', 'Category': 'school', 'URL': 'https://www.linkedin.com/school/10213'}}",4,"{'foodandagricultureorganizationoftheun': {'Full Name': 'Food and Agriculture Organization of the United Nations', 'Category': 'company', 'URL': 'https://www.linkedin.com/company/foodandagricultureorganizationoftheun'}, 'worldfoodprogramme': {'Full Name': 'World Food Programme', 'Category': 'company', 'URL': 'https://www.linkedin.com/company/worldfoodprogramme'}, 'universityofnairobi': {'Full Name': 'University of Nairobi', 'Category': 'school', 'URL': 'https://www.linkedin.com/school/universityofnairobi'}, 'jomo-kenyatta-university-of-agriculture-technology': {'Full Name': 'Jomo Kenyatta University of Agriculture and Technology', 'Category': 'school', 'URL': 'https://www.linkedin.com/school/jomo-kenyatta-university-of-agriculture-technology'}}",4,12
"{'Full Name': 'Nina Patel', 'Workplace': 'Strategic Operations Manager at Amara Organic Foods', 'Location': 'Mumbai, Maharashtra, India', 'Connections': '500+', 'Photo': 'Yes', 'Followers': ''}",Nina Patel,Strategic Operations Manager at Amara Organic Foods,"Mumbai, Maharashtra, India",500,Yes,3220,"A dynamic professional with over 8 years of comprehensive experience in the organic food industry. Expert in strategic planning, supply chain optimization and integrating sustainable practices in business operations. Passionate about advancing sustainable agriculture and strengthening community food systems.","{'0': {'Role': 'Strategic Operations Manager', 'Workplace': 'Amara Organic Foods · Full-time', 'Duration': 'Jan 2019 - Present · 4 yrs 3 mos', 'Workplace Location': 'Mumbai, Maharashtra, India', 'Description': 'Overseeing strategic planning and operations across all departments; implemented sustainable, cost-saving agricultural techniques that increased crop yields by 25% without compromising quality. Spearheaded a successful initiative to build a fair-trade supplier network, strengthening community relationships and ensuring consistent quality of organic produce.'}, '1': {'Role': 'Supply Chain Analyst', 'Workplace': 'GreenRoots Organics', 'Duration': 'Oct 2015 - Dec 2018 · 3 yrs 3 mos', 'Workplace Location': 'Pune, Maharashtra, India', 'Description': 'Optimized the supply chain logistics for organic produce distribution, reducing waste by 30% and improving delivery times by 15%. Collaborated with farmers to introduce bio-diverse crops, enhancing sustainability.'}, '2': {'Role': 'Operations Coordinator', 'Workplace': 'Bharat Organics', 'Duration': 'Jul 2013 - Sep 2015 · 2 yrs 3 mos', 'Workplace Location': 'Nagpur, Maharashtra, India', 'Description': 'Managed daily operations and coordinated with organic farms for timely procurement and quality assurance. Implemented tracking systems for better inventory management and customer fulfillment.'}}",3,{},2,"{'0': {'Title': 'Certified Supply Chain Professional (CSCP)', 'Company': 'APICS', 'Description': 'Issued Jan 2016'}}",1,"{'0': {'Role': 'Volunteer Coordinator', 'Organization': 'Mumbai Food Bank', 'Duration': 'Mar 2014 - Present · 9 yrs', 'Description': 'Leading initiatives to collect and distribute food to underserved communities in Mumbai, focusing on nutrition education and access to organic foods.'}}",1,"{'Skill 0': 'Strategic Planning', 'Skill 1': 'Supply Chain Management', 'Skill 2': 'Sustainability', 'Skill 3': 'Agile Project Management', 'Skill 4': 'Stakeholder Engagement'}",5,{},0,{},0,{},0,{},0,{},0,{},0,{},0,{},0,"{'0': {'Interest': 'Sustainable Agriculture', 'ID': '', 'Category': '', 'URL': ''}, '1': {'Interest': 'Organic Food Production', 'ID': '', 'Category': '', 'URL': ''}, '2': {'Interest': 'Fair Trade', 'ID': '', 'Category': '', 'URL': ''}, '3': {'Interest': 'Supply Chain Innovations', 'ID': '', 'Category': '', 'URL': ''}}",4,"{'tatainstituteofsocialsciences': {'Full Name': 'Tata Institute of Social Sciences', 'Category': 'school', 'URL': 'https://www.linkedin.com/school/tata-institute-of-social-sciences'}, 'universityofmumbai': {'Full Name': 'University of Mumbai', 'Category': 'school', 'URL': 'https://www.linkedin.com/school/university-of-mumbai'}, 'apics': {'Full Name': 'APICS', 'Category': 'company', 'URL': 'https://www.linkedin.com/company/apics'}}",3,12
"{'Full Name': 'Rajiv Kumar', 'Workplace': 'Lead Agricultural Scientist at Krishgen AgroTech', 'Location': 'Pune, Maharashtra, India', 'Connections': '500+', 'Photo': 'Yes', 'Followers': '2,400'}",Rajiv Kumar,Lead Agricultural Scientist at Krishgen AgroTech,"Pune, Maharashtra, India",500,Yes,2400,"With over a decade of experience in agricultural biotechnology research and development, I am deeply committed to leveraging scientific innovation to promote sustainable farming practices. At Krishgen AgroTech, I lead a team focused on developing high-yield, drought-resistant crop varieties that are designed to thrive in challenging climates, thereby helping to ensure food security and reduce reliance on chemical pesticides. Passionate about agricultural policy reform, I actively engage with nonprofit organizations and governmental bodies to advocate for policy changes that support smallholder farmers and sustainable agricultural production.","{'0': {'Role': 'Lead Agricultural Scientist', 'Workplace': 'Krishgen AgroTech', 'Duration': 'Jan 2015 - Present · 8 yrs', 'Workplace Location': 'Pune, Maharashtra, India', 'Description': 'Leading a diverse team of scientists in the research and development of stress-resistant crop varieties. Successfully developed and commercialized three crop breeds that have shown to increase yield by up to 20% in drought-prone regions.'}, '1': {'Role': 'Agricultural Scientist', 'Workplace': 'GreenRevolution AgriTech', 'Duration': 'Sep 2008 - Dec 2014 · 6 yrs 4 mos', 'Workplace Location': 'Hyderabad, Telangana, India', 'Description': 'Collaborated on pioneering research into natural pest resistance mechanisms in crops. Contributed to the publication of five peer-reviewed articles on agricultural biotechnology.'}, '2': {'Role': 'Research Intern', 'Workplace': 'Agriscience Global Institute', 'Duration': 'Jun 2006 - Aug 2008 · 2 yrs 3 mos', 'Workplace Location': 'Bangalore, Karnataka, India', 'Description': 'Assisted with data collection and analysis for studies on soil health and its impact on crop yield, supporting initiatives to boost sustainable farming across India.'}}",3,"{'0': {'Institute': 'Indian Agricultural Research Institute (IARI), New Delhi', 'Degree': 'Ph.D. in Agricultural Biotechnology', 'Duration': '2003 - 2007', 'Description': 'Conducted research on genetic markers for drought resistance in wheat.'}, '1': {'Institute': 'Acharya N. G. Ranga Agricultural University, Hyderabad', 'Degree': 'Master of Science in Agronomy', 'Duration': '2000 - 2002', 'Description': 'Specialized in sustainable farming techniques and practices.'}, '2': {'Institute': 'Banaras Hindu University, Varanasi', 'Degree': 'Bachelor of Science in Agriculture', 'Duration': '1996 - 2000', 'Description': 'Awarded Gold Medal for outstanding academic performance.'}}",3,"{'0': {'Title': 'Certified Crop Advisor', 'Company': 'American Society of Agronomy', 'Description': 'Issued Jan 2010 · No Expiration Date'}}",1,"{'0': {'Role': 'Mentor', 'Organization': 'AgriInnovate India', 'Duration': 'Mar 2016 - Present · 7 yrs', 'Description': 'Provide guidance and support to startups focusing on agricultural technology and innovation.'}, '1': {'Role': 'Volunteer Teacher', 'Organization': 'Rural Empowerment Initiative', 'Duration': 'Feb 2011 - Jan 2015 · 4 yrs', 'Description': 'Taught sustainable agriculture practices to farmers in rural Maharashtra to improve crop yield and establish food security.'}}",2,"{'Skill 0': 'Agricultural Research', 'Skill 1': 'Crop Science', 'Skill 2': 'Sustainable Agriculture', 'Skill 3': 'Biotechnology'}",4,{},0,{},0,"{'0': {'Title': 'Innovations in Drought Resistance: A Biotechnological Approach', 'Publication': 'Journal of Agricultural Science', 'Date': 'Apr 2013', 'Description': 'An article discussing breakthrough research findings on genetically modified crops with enhanced drought resistance.'}}",1,{},0,{},0,{},0,"{'Language 0': 'English', 'Language 1': 'Hindi', 'Language 2': 'Telugu'}",3,{},0,"{'0': {'Interest': 'The Food and Agriculture Organization of the United Nations (FAO)', 'ID': '149199', 'Category': 'company', 'URL': 'https://www.linkedin.com/company/149199'}, '1': {'Interest': 'CGIAR', 'ID': '262198', 'Category': 'company', 'URL': 'https://www.linkedin.com/company/262198'}, '2': {'Interest': 'Nature Conservancy', 'ID': '41856', 'Category': 'company', 'URL': 'https://www.linkedin.com/company/41856'}}",3,{},0,12
"{'Full Name': 'Luisa Gomez', 'Workplace': 'Agricultural Scientist at AgroInnovate', 'Location': 'Bogota, Colombia', 'Connections': '389', 'Photo': 'Yes', 'Followers': '703'}",Luisa Gomez,Agricultural Scientist at AgroInnovate,"Bogota, Colombia",389,Yes,703,"Passionate about advancing agricultural practices in Latin America through innovation and technology. Skilled in crop genetic engineering, sustainable farming techniques, and climate adaptability studies.","{'0': {'Workplace': 'AgroInnovate', 'Role': 'Agricultural Scientist', 'Duration': 'Jan 2019 - Present · 4 yrs', 'Workplace Location': 'Bogota, Colombia', 'Description': 'Leading research on genetically modified crops to improve yield and climate resistance. Collaborating with international research institutes on sustainable farming practices.'}, '1': {'Workplace': 'Green Future NGO', 'Role': 'Agricultural Advisor', 'Duration': 'May 2015 - Dec 2018 · 3 yrs 8 mos', 'Workplace Location': 'Medellin, Colombia', 'Description': 'Provided expertise in ecological agriculture and environmentally sustainable farming techniques to local farmers, significantly improving crop diversity and production efficiency.'}}",2,"{'0': {'Institute': 'Universidad Nacional de Colombia', 'Degree': 'Master of Science in Agricultural Sciences', 'Duration': '2013 - 2015', 'Description': 'Specialized in Genetic Engineering and Biofortification'}, '1': {'Institute': 'Universidad de Caldas', 'Degree': 'Bachelor of Science in Agronomy', 'Duration': '2008 - 2012', 'Description': 'Focused on Sustainable Farming Practices and Crop Science'}}",2,"{'0': {'Title': 'Certified Agricultural Scientist', 'Company': 'Colombian Society of Agronomy', 'Description': 'Issued Jan 2016 · No Expiration Date'}}",1,"{'0': {'Role': 'Community Educator', 'Organization': 'Farms to Schools Colombia', 'Duration': 'Jun 2017 - Present · 5 yrs 7 mos', 'Description': 'Volunteer teaching children about sustainable agriculture and the importance of local farming.'}}",1,"{'Skill 0': 'Genetic Engineering', 'Skill 1': 'Sustainable Farming', 'Skill 2': 'Environmental Sciences', 'Skill 3': 'Biofortification', 'Skill 4': 'Research and Development'}",5,{},0,{},0,"{'0': {'Title': 'Advances in Biofortified Crops', 'Publication': 'Science for Farming Magazine', 'Date': 'Aug 2021', 'URL': '', 'Description': 'An overview of recent advancements in biofortified crops and their potential to combat malnutrition in developing countries.'}}",1,{},0,{},0,{},0,"{'Language 0': 'Spanish', 'Language 1': 'English'}",2,{},0,"{'0': {'Interest': 'International Crop Research Institute for the Semi-Arid Tropics', 'ID': '10764', 'Category': 'company', 'URL': 'https://www.linkedin.com/company/10764'}, '1': {'Interest': 'Global Sustainable Agriculture', 'ID': '12345', 'Category': 'groups', 'URL': 'https://www.linkedin.com/groups/12345'}, '2': {'Interest': 'Universidad Nacional de Colombia', 'ID': '7890', 'Category': 'school', 'URL': 'https://www.linkedin.com/school/7890'}}",3,{},0,12
"{'Full Name': 'Ana Maria Gomez', 'Workplace': 'Art Director at Gaviota Studios ðŸ˜‘ Bringing Latin American Art to the World', 'Location': 'Buenos Aires, Argentina', 'Connections': '500+', 'Photo': 'Yes', 'Followers': '4,210'}",Ana Maria Gomez,Art Director at Gaviota Studios ðŸ˜‘ Bringing Latin American Art to the World,"Buenos Aires, Argentina",500,Yes,4210,"Passionate about fostering Latin American art and making it accessible globally, Ana Maria blends traditional techniques with modern expressions. With a background in Fine Arts and Cultural Management, she's dedicated to curating unique art experiences.","{'0': {'Workplace': 'Gaviota Studios', 'Role': 'Art Director', 'Duration': 'Jan 2015 - Present · 8 yrs', 'Workplace Location': 'Buenos Aires, Argentina', 'Description': 'Leading a vibrant team in bringing emerging Latin American artists to global prominence. Developing annual art exhibitions, managing artist relations, and overseeing the distribution of art collections. Initiating collaborations with international art galleries and museums to showcase Latin American art.'}, '1': {'Workplace': 'Cultural Ministry of Argentina', 'Role': 'Project Coordinator for Cultural Affairs', 'Duration': 'Mar 2010 - Dec 2014 · 4 yrs 10 mos', 'Workplace Location': 'Buenos Aires, Argentina', 'Description': 'Coordinated numerous cultural projects and art exhibitions focused on promoting Argentine heritage. Worked closely with local communities to develop art education programs and support local artists.'}, '2': {'Role': 'Gallery Assistant', 'Workplace': 'El Surco Arts Gallery', 'Duration': 'Jan 2008 - Feb 2010 · 2 yrs 2 mos', 'Workplace Location': 'Buenos Aires, Argentina', 'Description': 'Assisted in the curation and organization of art exhibitions. Managed client inquiries and sales. Developed promotional material and managed social media platforms to increase gallery visibility.'}}",3,{},2,{},0,"{'0': {'Role': 'Art Workshop Facilitator', 'Organization': 'Local Community Center', 'Duration': 'Jan 2012 - Dec 2013 · 2 yrs', 'Description': 'Volunteered to conduct art workshops for children and teenagers, focusing on traditional Latin American painting techniques.'}}",1,"{'Skill 0': 'Art Direction', 'Skill 1': 'Cultural Management', 'Skill 2': 'Project Coordination', 'Skill 3': 'Artist Relations'}",4,{},0,{},0,{},0,{},0,{},0,{},0,"{'Language 0': 'Spanish', 'Language 1': 'English', 'Language 2': 'Portuguese'}",3,{},0,"{'0': {'Interest': 'Museo Nacional de Bellas Artes', 'ID': 'mnbargentina', 'Category': 'company', 'URL': 'https://www.linkedin.com/company/mnbargentina'}, '1': {'Interest': 'Art Basel', 'ID': 'artbasel', 'Category': 'company', 'URL': 'https://www.linkedin.com/company/artbasel'}, '2': {'Interest': 'Latin American Art', 'ID': 'latinart', 'Category': 'groups', 'URL': 'https://www.linkedin.com/groups/latinart'}, '3': {'Interest': 'UNESCO', 'ID': 'unesco', 'Category': 'school', 'URL': 'https://www.linkedin.com/school/unesco'}}",4,"{'eloisaolivera': {'Full Name': 'Eloisa Olivera', 'Category': 'in', 'URL': 'https://www.linkedin.com/in/eloisaolivera'}, 'artbasel': {'Full Name': 'Art Basel', 'Category': 'company', 'URL': 'https://www.linkedin.com/company/artbasel'}, 'mnbargentina': {'Full Name': 'Museo Nacional de Bellas Artes', 'Category': 'company', 'URL': 'https://www.linkedin.com/company/mnbargentina'}, 'unesco': {'Full Name': 'UNESCO', 'Category': 'school', 'URL': 'https://www.linkedin.com/school/unesco'}}",4,12
"{'Full Name': 'Aisha Mbogo', 'Workplace': 'Agricultural Scientist at Kenya Agricultural & Livestock Research Organization', 'Location': 'Nairobi, Kenya', 'Connections': '300', 'Photo': 'Yes', 'Followers': '540'}",Aisha Mbogo,Agricultural Scientist at Kenya Agricultural & Livestock Research Organization,"Nairobi, Kenya",300,Yes,540,,"{'0': {'Workplace': 'Kenya Agricultural & Livestock Research Organization', 'Role': 'Agricultural Scientist', 'Duration': 'Jan 2017 - Present · 6 yrs', 'Workplace Location': 'Nairobi, Kenya', 'Description': 'Develop sustainable farming practices to enhance food security. Lead field research teams in discovering new pest-resistant crop strains. Published several papers on drought-resistant crops.'}, '1': {'Workplace': 'Kenya Institute of Organic Farming', 'Role': 'Research Assistant', 'Duration': 'Sep 2013 - Dec 2016 · 3 yrs 4 mos', 'Workplace Location': 'Nairobi, Kenya', 'Description': 'Assisted in the research of organic pesticides and fertilizers. Developed training materials for local farmers on sustainable farming techniques.'}, '2': {'Role': 'Farming Techniques Workshop Facilitator', 'Workplace': 'Various NGOs', 'Duration': 'Jan 2012 - Aug 2013 · 1 yr 8 mos', 'Workplace Location': 'Various locations in Kenya', 'Description': 'Conducted workshops and seminars for smallholder farmers on improved farming techniques and organic farming practices.'}}",3,"{'0': {'Institute': 'University of Nairobi', 'Degree': 'Master of Science in Agriculture', 'Duration': '2014 - 2016', 'Description': 'Specialized in agronomy with a focus on sustainable agriculture practices.'}, '1': {'Institute': 'Jomo Kenyatta University of Agriculture and Technology', 'Degree': 'Bachelor of Science in Horticulture', 'Duration': '2010 - 2014', 'Description': 'Graduated with Honors. Engaged in various research projects focused on indigenous crops.'}}",2,{},0,"{'0': {'Role': 'Community Farming Advisor', 'Organization': 'Green Africa Foundation', 'Duration': 'Jan 2012 - Present · 11 yrs', 'Description': 'Offer pro-bono advice and training to community farming projects on crop diversification and organic farming practices.'}}",1,"{'Skill 0': 'Sustainable Agriculture', 'Skill 1': 'Crop Science', 'Skill 2': 'Field Research', 'Skill 3': 'Organic Farming', 'Skill 4': 'Agricultural Education'}",5,{},0,{},0,{},0,{},0,{},0,{},0,"{'Language 0': 'English', 'Language 1': 'Swahili'}",2,{},0,"{'0': {'Interest': 'World Food Programme', 'ID': '10312', 'Category': 'company', 'URL': 'https://www.linkedin.com/company/10312'}, '1': {'Interest': 'International Agriculture Development', 'ID': '678214', 'Category': 'company', 'URL': 'https://www.linkedin.com/company/678214'}, '2': {'Interest': 'Organic Farming Research Foundation', 'ID': '756043', 'Category': 'company', 'URL': 'https://www.linkedin.com/company/756043'}, '3': {'Interest': 'University of Nairobi', 'ID': '13321', 'Category': 'school', 'URL': 'https://www.linkedin.com/school/13321'}, '4': {'Interest': 'Jomo Kenyatta University of Agriculture and Technology', 'ID': '150451', 'Category': 'school', 'URL': 'https://www.linkedin.com/school/150451'}}",5,{},0,12
"{'Full Name': 'Anika Patel', 'Workplace': 'Renewable Energy Consultant at GreenTech Solutions / Environmental Blogger', 'Location': 'Mumbai, Maharashtra, India', 'Connections': '500+', 'Photo': 'Yes', 'Followers': ''}",Anika Patel,Renewable Energy Consultant at GreenTech Solutions / Environmental Blogger,"Mumbai, Maharashtra, India",500,Yes,1540,,"{'0': {'Role': 'Renewable Energy Consultant', 'Workplace': 'GreenTech Solutions · Full-time', 'Duration': 'Jan 2018 - Present · 5 yrs 2 mos', 'Workplace Location': 'Mumbai, Maharashtra, India', 'Description': 'Lead projects focusing on solar and wind energy solutions for urban and rural areas. Conduct energy audits, feasibility studies, and cost-benefit analysis for corporate and governmental projects.'}, '1': {'Role': 'Environmental Scientist', 'Workplace': 'EcoSolutions Consulting', 'Duration': 'Aug 2013 - Dec 2017 · 4 yrs 5 mos', 'Workplace Location': 'Bangalore, Karnataka, India', 'Description': 'Performed environmental impact assessments for various infrastructure projects, and developed sustainability reports. Worked closely with state bodies to implement greener practices within urban development projects.'}, '2': {'Role': 'Research Assistant', 'Workplace': 'Indian Institute of Science', 'Duration': 'Sep 2011 - Jul 2013 · 1 yr 11 mos', 'Workplace Location': 'Bangalore, Karnataka, India', 'Description': 'Assisted in research projects related to sustainable agriculture practices and water conservation methods. Contributed to published papers and presentations at national conferences.'}}",3,"{'0': {'Institute': 'Indian Institute of Technology Bombay (IIT Bombay)', 'Degree': 'Master of Technology (M.Tech), Energy Systems Engineering', 'Duration': '2009 - 2011', 'Description': ''}, '1': {'Institute': 'University of Pune', 'Degree': 'Bachelor of Science (B.Sc), Environmental Science', 'Duration': '2006 - 2009', 'Description': ''}}",2,{},0,"{'0': {'Role': 'Community Educator', 'Organization': 'GreenHope Foundation', 'Duration': 'Mar 2014 - Present · 9 yrs', 'Description': 'Volunteer as an educator conducting workshops and seminars for school children and community groups on renewable energy, waste management, and conservation practices.'}}",1,"{'Skill 0': 'Sustainability', 'Skill 1': 'Renewable Energy Systems', 'Skill 2': 'Environmental Impact Assessment', 'Skill 3': 'Energy Audits'}",4,"{'0': {'User': 'Rohan Mehta', 'Category': 'in', 'ID': 'rohan-mehta', 'URL': 'https://www.linkedin.com/in/rohan-mehta', 'Relation': 'March 12, 2020, Anika worked with Rohan in the same group', 'Description': 'Anika has a profound understanding of renewable energy technologies and their application in both urban and rural settings. Her dedication to sustainable development and her ability to manage complex projects effectively were invaluable to our team. I highly admire her energy and enthusiasm towards making a tangible environmental impact.'}}",1,{},0,{},0,{},0,{},0,{},0,{},0,{},0,"{'0': {'Interest': 'National Geographic', 'ID': '2124', 'Category': 'company', 'URL': 'https://www.linkedin.com/company/2124'}, '1': {'Interest': 'Renewable Energy World', 'ID': '52745', 'Category': 'company', 'URL': 'https://www.linkedin.com/company/52745'}, '2': {'Interest': 'United Nations Environment Programme', 'ID': '16004', 'Category': 'company', 'URL': 'https://www.linkedin.com/company/16004'}, '3': {'Interest': 'Indian Institute of Technology Bombay', 'ID': 'enx', 'Category': 'school', 'URL': 'https://www.linkedin.com/school/enx'}}",4,"{'shruti-jain-13': {'Full Name': 'Shruti Jain', 'Category': 'in', 'URL': 'https://www.linkedin.com/in/shruti-jain-13'}, 'saurabh-gupta-4b': {'Full Name': 'Saurabh Gupta', 'Category': 'in', 'URL': 'https://www.linkedin.com/in/saurabh-gupta-4b'}, 'greenpeacenia': {'Full Name': 'Greenpeace India', 'Category': 'company', 'URL': 'https://www.linkedin.com/company/greenpeacenia'}, 'solar-energy-international-sei': {'Full Name': 'Solar Energy International (SEI)', 'Category': 'company', 'URL': 'https://www.linkedin.com/company/solar-energy-international-sei'}}",4,12
"{'Full Name': 'Mia Torres', 'Workplace': 'Renewable Energy Advocate', 'Location': 'Santiago, Chile', 'Connections': '300+', 'Photo': 'Yes', 'Followers': ''}",Mia Torres,Renewable Energy Advocate,"Santiago, Chile",300,Yes,1240,{},"{'0': {'Role': 'Energy Policy Analyst', 'Workplace': 'Ministry of Energy, Chile · Full-time', 'Duration': 'Mar 2018 - Present · 5 yrs', 'Workplace Location': 'Santiago, Chile', 'Description': 'Leading initiatives for national renewable energy policies, driving projects from concept through implementation including stakeholder engagement, inter-agency coordination, and public communication.'}, '1': {'Role': 'Renewable Energy Project Manager', 'Workplace': 'Eolica Chile · Full-time', 'Duration': 'Jan 2015 - Feb 2018 · 3 yrs 2 mos', 'Workplace Location': 'Santiago, Chile', 'Description': 'Managed several wind farm projects, overseeing teams through the design, permitting, and construction phases while ensuring environmental compliance and stakeholder agreement.'}, '2': {'Role': 'Environmental Consultant', 'Workplace': 'Green Solutions Ltd. · Full-time', 'Duration': 'Oct 2010 - Dec 2014 · 4 yrs 3 mos', 'Workplace Location': 'Valparaíso, Chile', 'Description': 'Provided consultancy on renewable energy potentials and environmental impact assessments for various projects, leading to the implementation of sustainable practices in local businesses.'}}",3,"{'0': {'Institute': 'Pontificia Universidad Católica de Chile', 'Degree': 'Master of Science in Sustainable Energy', 'Duration': '2012 - 2014', 'Description': 'Research focused on energy policy and renewable energy integration into national grids.'}, '1': {'Institute': 'Universidad de Chile', 'Degree': 'Bachelor of Environmental Engineering', 'Duration': '2005 - 2010', 'Description': 'Specialized in renewable energy sources and their environmental impacts.'}}",2,"{'0': {'Title': 'Certified Energy Manager', 'Company': 'Association of Energy Engineers', 'Description': 'Issued Jan 2016'}, '1': {'Title': 'Project Management Professional (PMP)', 'Company': 'Project Management Institute', 'Description': 'Issued May 2017'}}",2,"{'0': {'Role': 'Renewable Energy Workshop Facilitator', 'Organization': 'SolarAid Chile', 'Duration': 'Jun 2017 - Present · 5 yrs 9 mos', 'Description': 'Conducts workshops on solar energy benefits and installation for rural communities.'}}",1,"{'Skill 0': 'Renewable Energy Systems', 'Skill 1': 'Environmental Policy', 'Skill 2': 'Project Management', 'Skill 3': 'Stakeholder Engagement', 'Skill 4': 'Sustainable Development'}",5,"{'0': {'User': 'Carlos Gomez', 'Category': 'in', 'ID': 'carlosgomez', 'URL': 'https://www.linkedin.com/in/carlosgomez', 'Relation': 'June 20, 2019, Mia worked with Carlos in the same group', 'Description': 'Mia is a highly skilled professional with a profound understanding of renewable energy and its applications. Her leadership in projects has not only proven successful but also highly beneficial for our renewable energy goals.'}}",1,{},0,{},0,{},0,"{'0': {'Award': 'Innovators Under 35 Chile', 'Info': 'MIT Technology Review', 'Description': 'Recognized for contributions to renewable energy policy in Chile'} }",1,{},0,"{'Language 0': 'Spanish', 'Language 1': 'English', 'Language 2': 'Portuguese'}",3,{},0,"{'0': {'Interest': 'World Economic Forum', 'ID': '1628', 'Category': 'company', 'URL': 'https://www.linkedin.com/company/1628'}, '1': {'Interest': 'International Renewable Energy Agency (IRENA)', 'ID': '53323', 'Category': 'company', 'URL': 'https://www.linkedin.com/company/53323'}, '2': {'Interest': 'Greenpeace', 'ID': '1273', 'Category': 'company', 'URL': 'https://www.linkedin.com/company/1273'}, '3': {'Interest': 'Sustainable Energy for All (SEforALL)', 'ID': '3122054', 'Category': 'company', 'URL': 'https://www.linkedin.com/company/3122054'}}",4,"{'patricia-ramirez-3454b61': {'Full Name': 'Patricia Ramirez', 'Category': 'in', 'URL': 'https://www.linkedin.com/in/patricia-ramirez-3454b61'}, 'renewable-energy-world': {'Full Name': 'Renewable Energy World', 'Category': 'company', 'URL': 'https://www.linkedin.com/company/renewable-energy-world'}, 'santiago-innovates': {'Full Name': 'Santiago Innovates', 'Category': 'company', 'URL': 'https://www.linkedin.com/company/santiago-innovates'}}",3,12
"{'Full Name': 'Felicia Mwangi', 'Workplace': 'Sustainable Development Advocate', 'Location': 'Nairobi, Kenya', 'Connections': '300+', 'Photo': 'Yes', 'Followers': ''}",Felicia Mwangi,Sustainable Development Advocate,"Nairobi, Kenya",300,Yes,1024,,"{'0': {'Role': 'Project Coordinator', 'Workplace': 'United Nations Environment Programme (UNEP) · Full-time', 'Duration': 'Aug 2018 - Present · 4 yrs 7 mos', 'Workplace Location': 'Nairobi, Kenya', 'Description': 'Leading projects focused on climate change advocacy and the promotion of sustainable urban development practices across Sub-Saharan Africa.'}, '1': {'Role': 'Environmental Consultant', 'Workplace': 'Freelance', 'Duration': 'Jan 2015 - Jul 2018 · 3 yrs 7 mos', 'Workplace Location': 'Kenya', 'Description': 'Provided consultancy services for NGOs and local government bodies on environmental policies, waste management, and renewable energy solutions. Initiated and managed several community-based conservation projects.'}, '2': {'Role': 'Research Assistant', 'Workplace': 'Kenya Wildlife Service', 'Duration': 'May 2012 - Dec 2014 · 2 yrs 8 mos', 'Workplace Location': 'Kenya', 'Description': 'Assisted in wildlife research projects focused on conservation strategies, habitat sustainability, and the impact of climate change on biodiversity in Kenya.'}}",3,{},2,{},0,"{'0': {'Role': 'Environmental Education Volunteer', 'Organization': 'Green Belt Movement', 'Duration': 'Jan 2014 - Present · 9 yrs 3 mos', 'Description': 'Work with communities in Kenya to enhance environmental conservation and support tree planting activities. Conduct educational workshops on sustainability practices.'}}",1,"{'Skill 0': 'Sustainable Development', 'Skill 1': 'Climate Change Advocacy', 'Skill 2': 'Environmental Policy', 'Skill 3': 'Project Coordination', 'Skill 4': 'Waste Management Solutions', 'Skill 5': 'Renewable Energy Systems'}",6,{},0,{},0,{},0,{},0,"{'0': {'Award': 'Environmental Advocacy Award', 'Info': 'Green Belt Movement', 'Description': 'Received in 2019 for exceptional contribution to environmental conservation efforts in Kenya.'}}",1,{},0,"{'Language 0': 'English', 'Language 1': 'Swahili'}",2,{},0,"{'0': {'Interest': 'UNEP', 'ID': '1433', 'Category': 'company', 'URL': 'https://www.linkedin.com/company/1433'}, '1': {'Interest': 'Green Belt Movement', 'ID': '2445223', 'Category': 'company', 'URL': 'https://www.linkedin.com/company/2445223'}, '2': {'Interest': 'University of Nairobi', 'ID': '9927', 'Category': 'school', 'URL': 'https://www.linkedin.com/school/9927'}, '3': {'Interest': 'Climate Reality', 'ID': '3704974', 'Category': 'company', 'URL': 'https://www.linkedin.com/company/3704974'}}",4,"{'green-belt-movement': {'Full Name': 'Green Belt Movement', 'Category': 'company', 'URL': 'https://www.linkedin.com/company/green-belt-movement'}, 'wanjiramathai': {'Full Name': 'Wanjira Mathai', 'Category': 'in', 'URL': 'https://www.linkedin.com/in/wanjiramathai'}}",2,12
"{'Full Name': 'Maria Lopez', 'Workplace': 'Energy Transition Strategist - Advancing Renewable Energy Projects', 'Location': 'Madrid, Spain', 'Connections': '500+', 'Photo': 'Yes', 'Followers': '4,512'}",Maria Lopez,Energy Transition Strategist - Advancing Renewable Energy Projects,"Madrid, Spain",500,Yes,4512,"Dynamic Energy Transition Strategist with over a decade of experience spearheading the development and implementation of renewable energy projects across Europe. Driven by the challenge of contributing to a sustainable future, I leverage cross-functional expertise to navigate the complexities of international regulations, stakeholder engagement, and technology innovation. I'm passionate about transforming ideas into actionable sustainability solutions that align with economic and environmental goals.","{'0': {'Role': 'Energy Transition Strategist', 'Workplace': 'GreenFuture Innovations', 'Duration': 'Jun 2016 - Present · 7 yrs', 'Workplace Location': 'Madrid, Spain', 'Description': 'Lead strategic planning and execution of renewable energy projects, including solar and wind. Coordinate with cross-border teams to ensure compliance with EU regulations and sustainability targets.'}, '1': {'Role': 'Renewable Energy Consultant', 'Workplace': 'EnviroConsult', 'Duration': 'Mar 2012 - May 2016 · 4 yrs 3 mos', 'Workplace Location': 'Lisbon, Portugal', 'Description': 'Advised on renewable energy policies and project feasibility studies across Southern Europe. Developed strategic partnerships to advocate for policy changes at the EU level.'}, '2': {'Role': 'Project Coordinator', 'Workplace': 'SolarTech Intl', 'Duration': 'Jan 2009 - Feb 2012 · 3 yrs 2 mos', 'Workplace Location': 'Valencia, Spain', 'Description': 'Managed solar panel installation projects, coordinating teams across various phases from planning to execution, while ensuring adherence to budget and schedule constraints.'}}",3,"{'0': {'Institute': 'Universidad Politécnica de Madrid', 'Degree': 'Master of Science in Energy Engineering', 'Duration': '2005 - 2007', 'Description': ''}, '1': {'Institute': 'Universidad de Salamanca', 'Degree': 'Bachelor of Science in Environmental Science', 'Duration': '2001 - 2005', 'Description': 'Graduated with Honors'}}",2,"{'0': {'Title': 'Certified Renewable Energy Professional (REP)', 'Company': 'Association of Energy Engineers', 'Description': 'Issued Jan 2010 · No Expiration Date'}}",1,"{'0': {'Role': 'Sustainability Advisor', 'Organization': 'Local NGO for Clean Energy', 'Duration': 'Jan 2018 - Present · 5 yrs', 'Description': 'Provide guidance on sustainability projects and renewable energy solutions to support community development.'}}",1,"{'Skill 0': 'Renewable Energy Systems', 'Skill 1': 'Project Management', 'Skill 2': 'Stakeholder Engagement', 'Skill 3': 'Sustainability Strategies'}",4,{},0,{},0,{},0,{},0,"{'0': {'Award': 'EU Green Energy Award', 'Info': 'For leading innovative renewable energy projects that significantly contributed to the region's sustainability targets.', 'Description': 'Awarded in 2019'}}",1,{},0,"{'Language 0': 'Spanish', 'Language 1': 'English', 'Language 2': 'Portuguese'}",3,{},0,"{'0': {'Interest': 'Renewable Energy World', 'ID': '4847472', 'Category': 'company', 'URL': 'https://www.linkedin.com/company/4847472'}, '1': {'Interest': 'GreenTech Media', 'ID': '163726', 'Category': 'company', 'URL': 'https://www.linkedin.com/company/163726'}, '2': {'Interest': 'International Renewable Energy Agency (IRENA)', 'ID': '1961880', 'Category': 'school', 'URL': 'https://www.linkedin.com/school/1961880'}}",3,"{'manuel-rios': {'Full Name': 'Manuel Rios', 'Category': 'in', 'URL': 'https://www.linkedin.com/in/manuel-rios'}, 'greenfuture-innovations': {'Full Name': 'GreenFuture Innovations', 'Category': 'company', 'URL': 'https://www.linkedin.com/company/greenfuture-innovations'}, 'maria-fernandez-solar': {'Full Name': 'Maria Fernandez', 'Category': 'in', 'URL': 'https://www.linkedin.com/in/maria-fernandez-solar'}}",3,12
"{'Full Name': 'Leila Mbogo', 'Workplace': 'Renewable Energy Advocate', 'Location': 'Nairobi, Kenya', 'Connections': '500+', 'Photo': 'Yes', 'Followers': ''}",Leila Mbogo,Renewable Energy Advocate,"Nairobi, Kenya",500,Yes,1204,"Passionate about fostering sustainable development and green energy solutions in Sub-Saharan Africa. With over 6 years of experience in the renewable energy sector, I am committed to promoting environmentally friendly and economically sustainable energy sources to support the region's development.","{'0': {'Role': 'Renewable Energy Consultant', 'Workplace': 'Independent Consultant · Freelance', 'Duration': 'Jan 2018 - Present · 5 yrs 2 mos', 'Workplace Location': 'Nairobi, Kenya', 'Description': 'Collaborating with NGOs, government agencies, and private companies to develop and implement renewable energy projects, including solar and wind power plants. Conducting feasibility studies, project planning, and financial modeling to support the adoption of clean energy.'}, '1': {'Role': 'Project Manager', 'Workplace': 'GreenWind Solar', 'Duration': 'Aug 2015 - Dec 2017 · 2 yrs 5 mos', 'Workplace Location': 'Nairobi, Kenya', 'Description': 'Led a team to successfully deploy multiple solar panel installations across Kenya, resulting in over 2,000 households gaining access to clean electricity for the first time.'}, '2': {'Role': 'Energy Policy Intern', 'Workplace': 'Kenyan Ministry of Energy', 'Duration': 'Sep 2014 - Jul 2015 · 11 mos', 'Workplace Location': 'Nairobi, Kenya', 'Description': 'Assisted in the development of national policies to encourage the adoption of renewable energy sources and reduce dependence on non-renewable energy'}}",3,"{'0': {'Institute': 'University of Nairobi', 'Degree': 'Master of Science, Renewable Energy', 'Duration': '2012 - 2014', 'Description': 'Graduated with honors, conducted research on solar energy utilization in rural Kenya.'}, '1': {'Institute': 'Kenyatta University', 'Degree': 'Bachelor of Science, Environmental Science', 'Duration': '2008 - 2012', 'Description': 'Specialized in sustainable environmental management practices and policies.'}}",2,{},0,"{'0': {'Role': 'Volunteer Renewable Energy Consultant', 'Organization': 'Sustainable Future Initiative', 'Duration': 'Mar 2019 - Present · 4 yrs', 'Description': 'Provide expertise on renewable energy project implementation for underdeveloped areas in Kenya.'}}",1,"{'Skill 0': 'Renewable Energy Systems', 'Skill 1': 'Project Management', 'Skill 2': 'Sustainability', 'Skill 3': 'Energy Policy'}",4,{},0,"{'0': {'Title': 'Rural Electrification Project', 'Duration': '2018 - 2019', 'Description': 'Led a project to electrify 500 rural homes in Kenya using off-grid solar systems.'}}",1,{},0,{},0,{},0,{},0,"{'Language 0': 'Swahili', 'Language 1': 'English'}",2,{},0,"{'0': {'Interest': 'World Economic Forum', 'ID': '1276', 'Category': 'company', 'URL': 'https://www.linkedin.com/company/1276'}, '1': {'Interest': 'International Renewable Energy Agency (IRENA)', 'ID': '161620', 'Category': 'company', 'URL': 'https://www.linkedin.com/company/161620'}, '2': {'Interest': 'Green Energy Africa', 'ID': '9642212', 'Category': 'company', 'URL': 'https://www.linkedin.com/company/9642212'}, '3': {'Interest': 'University of Nairobi', 'ID': '15042', 'Category': 'school', 'URL': 'https://www.linkedin.com/school/15042'}, '4': {'Interest': 'Kenyatta University', 'ID': '10317', 'Category': 'school', 'URL': 'https://www.linkedin.com/school/10317'}}",5,{},0,12
"{'Full Name': 'Amina Hayat', 'Workplace': 'Advancing Sustainable Agribusiness', 'Location': 'Nairobi, Kenya', 'Connections': '500+', 'Photo': 'Yes', 'Followers': ''}",Amina Hayat,Advancing Sustainable Agribusiness,"Nairobi, Kenya",500,Yes,1200,,"{'0': {'Role': 'Agribusiness Consultant', 'Workplace': 'African Development Bank', 'Duration': 'Jun 2020 - Present · 2 yrs 9 mos', 'Workplace Location': 'Nairobi, Kenya', 'Description': 'Leading initiatives aimed at bolstering food security and agribusiness ventures across Africa through sustainable practices and investments'}, '1': {'Role': 'Project Coordinator', 'Workplace': 'Kenya Climate Innovation Center', 'Duration': 'Mar 2017 - May 2020 · 3 yrs 3 mos', 'Workplace Location': 'Nairobi, Kenya', 'Description': 'Facilitated the development and scaling of innovative start-ups focused on addressing climate change impacts on agriculture'}, '2': {'Role': 'Agricultural Economist', 'Workplace': 'Food and Agriculture Organization (FAO)', 'Duration': 'Jan 2014 - Feb 2017 · 3 yrs 2 mos', 'Workplace Location': 'Rome, Italy', 'Description': 'Analyzed economic trends in agriculture sectors globally, focusing on sustainable development goals and practices'}}",3,"{'0': {'Institute': 'University of Nairobi', 'Degree': 'Masters in Agricultural Economics', 'Duration': '2010 - 2012', 'Description': ''}, '1': {'Institute': 'Jomo Kenyatta University of Agriculture and Technology', 'Degree': 'Bachelor of Science in Agribusiness Management', 'Duration': '2006 - 2010', 'Description': ''}}",2,{},0,"{'0': {'Role': 'Mentor', 'Organization': 'Young African Leaders Initiative (YALI)', 'Duration': 'Jul 2018 - Present · 4 yrs 8 mos', 'Description': 'Providing mentorship to young African entrepreneurs in the field of agribusiness, focusing on sustainable and resilient practices'}}",1,"{'Skill 0': 'Sustainable Agriculture', 'Skill 1': 'Agribusiness Development', 'Skill 2': 'Climate Resilience', 'Skill 3': 'Food Security', 'Skill 4': 'Economic Analysis'}",5,"{'0': {'User': 'Mohammed Kazungu', 'Category': 'in', 'ID': 'mohammedkazungu', 'URL': 'https://www.linkedin.com/in/mohammedkazungu', 'Relation': 'December 15, 2020, Amina was senior to Mohammed but didn't manage Mohammed directly', 'Description': 'Amina is a force for change. Her thorough understanding of sustainable practices in agriculture and her drive to innovate in agribusiness is transformative. Her insights and strategies have strongly impacted our initiatives towards food security and sustainable development in the region.'}}",1,{},0,"{'0': {'Title': 'Impact Assessment of Climate Change on Agriculture', 'Journal': 'Journal of African Agricultural Research · Jun 2019', 'Description': 'Comprehensive analysis of climate impacts on agriculture productivity and proposing strategies for resilience and sustainability.'}}",1,{},0,{},0,{},0,"{'Language 0': 'Swahili', 'Language 1': 'English'}",2,{},0,"{'0': {'Interest': 'Food and Agriculture Organization of the United Nations (FAO)', 'ID': '10331', 'Category': 'company', 'URL': 'https://www.linkedin.com/company/10331'}, '1': {'Interest': 'African Development Bank Group', 'ID': '4202', 'Category': 'company', 'URL': 'https://www.linkedin.com/company/4202'}, '2': {'Interest': 'The Rockefeller Foundation', 'ID': '3968', 'Category': 'company', 'URL': 'https://www.linkedin.com/company/3968'}, '3': {'Interest': 'United Nations', 'ID': '1935', 'Category': 'company', 'URL': 'https://www.linkedin.com/company/1935'}, '4': {'Interest': 'World Bank', 'ID': '1892', 'Category': 'company', 'URL': 'https://www.linkedin.com/company/1892'}}",5,"{'the-rockefeller-foundation': {'Full Name': 'The Rockefeller Foundation', 'Category': 'company', 'URL': 'https://www.linkedin.com/company/the-rockefeller-foundation'}, 'african-development-bank': {'Full Name': 'African Development Bank Group', 'Category': 'company', 'URL': 'https://www.linkedin.com/company/african-development-bank'}, 'world-bank-group': {'Full Name': 'World Bank Group', 'Category': 'company', 'URL': 'https://www.linkedin.com/company/world-bank-group'}}",3,12
